"";"Drzava";"Leto";"Stevilo.prebivalcev"
"1";"Belgium";1998;10192264
"2";"Belgium";1999;10213752
"3";"Belgium";2000;10239085
"4";"Belgium";2001;10263414
"5";"Belgium";2002;10309725
"6";"Belgium";2003;10355844
"7";"Belgium";2004;10396421
"8";"Belgium";2005;10445852
"9";"Belgium";2006;10511382
"10";"Belgium";2007;10584534
"11";"Belgium";2008;10666866
"12";"Belgium";2009;10753080
"13";"Belgium";2010;10839905
"14";"Belgium";2011;11000638
"15";"Belgium";2012;11075889
"16";"Belgium";2013;11137974
"17";"Belgium";2014;11180840
"18";"Belgium";2015;11237274
"19";"Belgium";2016;11311117
"20";"Belgium";2017;11351727
"21";"Bulgaria";1998;8283200
"22";"Bulgaria";1999;8230371
"23";"Bulgaria";2000;8190876
"24";"Bulgaria";2001;8149468
"25";"Bulgaria";2002;7868815
"26";"Bulgaria";2003;7805506
"27";"Bulgaria";2004;7745147
"28";"Bulgaria";2005;7688573
"29";"Bulgaria";2006;7629371
"30";"Bulgaria";2007;7572673
"31";"Bulgaria";2008;7518002
"32";"Bulgaria";2009;7467119
"33";"Bulgaria";2010;7421766
"34";"Bulgaria";2011;7369431
"35";"Bulgaria";2012;7327224
"36";"Bulgaria";2013;7284552
"37";"Bulgaria";2014;7245677
"38";"Bulgaria";2015;7202198
"39";"Bulgaria";2016;7153784
"40";"Bulgaria";2017;7101859
"41";"Czechia";1998;10299125
"42";"Czechia";1999;10289621
"43";"Czechia";2000;10278098
"44";"Czechia";2001;10232027
"45";"Czechia";2002;10201182
"46";"Czechia";2003;10192649
"47";"Czechia";2004;10195347
"48";"Czechia";2005;10198855
"49";"Czechia";2006;10223577
"50";"Czechia";2007;10254233
"51";"Czechia";2008;10343422
"52";"Czechia";2009;10425783
"53";"Czechia";2010;10462088
"54";"Czechia";2011;10486731
"55";"Czechia";2012;10505445
"56";"Czechia";2013;10516125
"57";"Czechia";2014;10512419
"58";"Czechia";2015;10538275
"59";"Czechia";2016;10553843
"60";"Czechia";2017;10578820
"61";"Denmark";1998;5294860
"62";"Denmark";1999;5313577
"63";"Denmark";2000;5330020
"64";"Denmark";2001;5349212
"65";"Denmark";2002;5368354
"66";"Denmark";2003;5383507
"67";"Denmark";2004;5397640
"68";"Denmark";2005;5411405
"69";"Denmark";2006;5427459
"70";"Denmark";2007;5447084
"71";"Denmark";2008;5475791
"72";"Denmark";2009;5511451
"73";"Denmark";2010;5534738
"74";"Denmark";2011;5560628
"75";"Denmark";2012;5580516
"76";"Denmark";2013;5602628
"77";"Denmark";2014;5627235
"78";"Denmark";2015;5659715
"79";"Denmark";2016;5707251
"80";"Denmark";2017;5748769
"81";"Germany";1998;82057379
"82";"Germany";1999;82037011
"83";"Germany";2000;82163475
"84";"Germany";2001;82259540
"85";"Germany";2002;82440309
"86";"Germany";2003;82536680
"87";"Germany";2004;82531671
"88";"Germany";2005;82500849
"89";"Germany";2006;82437995
"90";"Germany";2007;82314906
"91";"Germany";2008;82217837
"92";"Germany";2009;82002356
"93";"Germany";2010;81802257
"94";"Germany";2011;80222065
"95";"Germany";2012;80327900
"96";"Germany";2013;80523746
"97";"Germany";2014;80767463
"98";"Germany";2015;81197537
"99";"Germany";2016;82175684
"100";"Germany";2017;82521653
"101";"Germany";1998;82057379
"102";"Germany";1999;82037011
"103";"Germany";2000;82163475
"104";"Germany";2001;82259540
"105";"Germany";2002;82440309
"106";"Germany";2003;82536680
"107";"Germany";2004;82531671
"108";"Germany";2005;82500849
"109";"Germany";2006;82437995
"110";"Germany";2007;82314906
"111";"Germany";2008;82217837
"112";"Germany";2009;82002356
"113";"Germany";2010;81802257
"114";"Germany";2011;80222065
"115";"Germany";2012;80327900
"116";"Germany";2013;80523746
"117";"Germany";2014;80767463
"118";"Germany";2015;81197537
"119";"Germany";2016;82175684
"120";"Germany";2017;82521653
"121";"Estonia";1998;1393074
"122";"Estonia";1999;1379237
"123";"Estonia";2000;1401250
"124";"Estonia";2001;1392720
"125";"Estonia";2002;1383510
"126";"Estonia";2003;1375190
"127";"Estonia";2004;1366250
"128";"Estonia";2005;1358850
"129";"Estonia";2006;1350700
"130";"Estonia";2007;1342920
"131";"Estonia";2008;1338440
"132";"Estonia";2009;1335740
"133";"Estonia";2010;1333290
"134";"Estonia";2011;1329660
"135";"Estonia";2012;1325217
"136";"Estonia";2013;1320174
"137";"Estonia";2014;1315819
"138";"Estonia";2015;1314870
"139";"Estonia";2016;1315944
"140";"Estonia";2017;1315635
"141";"Ireland";1998;3693386
"142";"Ireland";1999;3732006
"143";"Ireland";2000;3777565
"144";"Ireland";2001;3832783
"145";"Ireland";2002;3899702
"146";"Ireland";2003;3964191
"147";"Ireland";2004;4028851
"148";"Ireland";2005;4111672
"149";"Ireland";2006;4208156
"150";"Ireland";2007;4340118
"151";"Ireland";2008;4457765
"152";"Ireland";2009;4521322
"153";"Ireland";2010;4549428
"154";"Ireland";2011;4570881
"155";"Ireland";2012;4589287
"156";"Ireland";2013;4609779
"157";"Ireland";2014;4637852
"158";"Ireland";2015;4677627
"159";"Ireland";2016;4726286
"160";"Ireland";2017;4784383
"161";"Greece";1998;10693250
"162";"Greece";1999;10747768
"163";"Greece";2000;10775627
"164";"Greece";2001;10835989
"165";"Greece";2002;10888274
"166";"Greece";2003;10915770
"167";"Greece";2004;10940369
"168";"Greece";2005;10969912
"169";"Greece";2006;11004716
"170";"Greece";2007;11036008
"171";"Greece";2008;11060937
"172";"Greece";2009;11094745
"173";"Greece";2010;11119289
"174";"Greece";2011;11123392
"175";"Greece";2012;11086406
"176";"Greece";2013;11003615
"177";"Greece";2014;10926807
"178";"Greece";2015;10858018
"179";"Greece";2016;10783748
"180";"Greece";2017;10768193
"181";"Spain";1998;40143449
"182";"Spain";1999;40303568
"183";"Spain";2000;40470182
"184";"Spain";2001;40665545
"185";"Spain";2002;41035278
"186";"Spain";2003;41827838
"187";"Spain";2004;42547451
"188";"Spain";2005;43296338
"189";"Spain";2006;44009971
"190";"Spain";2007;44784666
"191";"Spain";2008;45668939
"192";"Spain";2009;46239273
"193";"Spain";2010;46486619
"194";"Spain";2011;46667174
"195";"Spain";2012;46818219
"196";"Spain";2013;46727890
"197";"Spain";2014;46512199
"198";"Spain";2015;46449565
"199";"Spain";2016;46440099
"200";"Spain";2017;46528024
"201";"France";1998;59934884
"202";"France";1999;60158533
"203";"France";2000;60545022
"204";"France";2001;60979315
"205";"France";2002;61424036
"206";"France";2003;61864088
"207";"France";2004;62292241
"208";"France";2005;62772870
"209";"France";2006;63229635
"210";"France";2007;63645065
"211";"France";2008;64007193
"212";"France";2009;64350226
"213";"France";2010;64658856
"214";"France";2011;64978721
"215";"France";2012;65276983
"216";"France";2013;65600350
"217";"France";2014;66165980
"218";"France";2015;66458153
"219";"France";2016;66638391
"220";"France";2017;66804121
"221";"France";1998;58298962
"222";"France";1999;58496613
"223";"France";2000;58858198
"224";"France";2001;59266572
"225";"France";2002;59685899
"226";"France";2003;60101841
"227";"France";2004;60505421
"228";"France";2005;60963264
"229";"France";2006;61399733
"230";"France";2007;61795238
"231";"France";2008;62134866
"232";"France";2009;62465709
"233";"France";2010;62765235
"234";"France";2011;63070344
"235";"France";2012;63375971
"236";"France";2013;63697865
"237";"Croatia";1998;4536812
"238";"Croatia";1999;4527460
"239";"Croatia";2000;4497735
"240";"Croatia";2001;4295406
"241";"Croatia";2002;4305494
"242";"Croatia";2003;4305384
"243";"Croatia";2004;4305725
"244";"Croatia";2005;4310861
"245";"Croatia";2006;4312487
"246";"Croatia";2007;4313530
"247";"Croatia";2008;4311967
"248";"Croatia";2009;4309796
"249";"Croatia";2010;4302847
"250";"Croatia";2011;4289857
"251";"Croatia";2012;4275984
"252";"Croatia";2013;4262140
"253";"Croatia";2014;4246809
"254";"Croatia";2015;4225316
"255";"Croatia";2016;4190669
"256";"Croatia";2017;4154213
"257";"Italy";1998;56904379
"258";"Italy";1999;56909109
"259";"Italy";2000;56923524
"260";"Italy";2001;56960692
"261";"Italy";2002;56987507
"262";"Italy";2003;57130506
"263";"Italy";2004;57495900
"264";"Italy";2005;57874753
"265";"Italy";2006;58064214
"266";"Italy";2007;58223744
"267";"Italy";2008;58652875
"268";"Italy";2009;59000586
"269";"Italy";2010;59190143
"270";"Italy";2011;59364690
"271";"Italy";2012;59394207
"272";"Italy";2013;59685227
"273";"Italy";2014;60782668
"274";"Italy";2015;60795612
"275";"Italy";2016;60665551
"276";"Italy";2017;60589445
"277";"Cyprus";1998;675215
"278";"Cyprus";1999;682862
"279";"Cyprus";2000;690497
"280";"Cyprus";2001;697549
"281";"Cyprus";2002;705539
"282";"Cyprus";2003;713720
"283";"Cyprus";2004;722893
"284";"Cyprus";2005;733067
"285";"Cyprus";2006;744013
"286";"Cyprus";2007;757916
"287";"Cyprus";2008;776333
"288";"Cyprus";2009;796930
"289";"Cyprus";2010;819140
"290";"Cyprus";2011;839751
"291";"Cyprus";2012;862011
"292";"Cyprus";2013;865878
"293";"Cyprus";2014;858000
"294";"Cyprus";2015;847008
"295";"Cyprus";2016;848319
"296";"Cyprus";2017;854802
"297";"Latvia";1998;2420789
"298";"Latvia";1999;2399248
"299";"Latvia";2000;2381715
"300";"Latvia";2001;2353384
"301";"Latvia";2002;2320956
"302";"Latvia";2003;2299390
"303";"Latvia";2004;2276520
"304";"Latvia";2005;2249724
"305";"Latvia";2006;2227874
"306";"Latvia";2007;2208840
"307";"Latvia";2008;2191810
"308";"Latvia";2009;2162834
"309";"Latvia";2010;2120504
"310";"Latvia";2011;2074605
"311";"Latvia";2012;2044813
"312";"Latvia";2013;2023825
"313";"Latvia";2014;2001468
"314";"Latvia";2015;1986096
"315";"Latvia";2016;1968957
"316";"Latvia";2017;1950116
"317";"Lithuania";1998;3562261
"318";"Lithuania";1999;3536401
"319";"Lithuania";2000;3512074
"320";"Lithuania";2001;3486998
"321";"Lithuania";2002;3454637
"322";"Lithuania";2003;3431497
"323";"Lithuania";2004;3398929
"324";"Lithuania";2005;3355220
"325";"Lithuania";2006;3289835
"326";"Lithuania";2007;3249983
"327";"Lithuania";2008;3212605
"328";"Lithuania";2009;3183856
"329";"Lithuania";2010;3141976
"330";"Lithuania";2011;3052588
"331";"Lithuania";2012;3003641
"332";"Lithuania";2013;2971905
"333";"Lithuania";2014;2943472
"334";"Lithuania";2015;2921262
"335";"Lithuania";2016;2888558
"336";"Lithuania";2017;2847904
"337";"Luxembourg";1998;422050
"338";"Luxembourg";1999;427350
"339";"Luxembourg";2000;433600
"340";"Luxembourg";2001;439000
"341";"Luxembourg";2002;444050
"342";"Luxembourg";2003;448300
"343";"Luxembourg";2004;454960
"344";"Luxembourg";2005;461230
"345";"Luxembourg";2006;469086
"346";"Luxembourg";2007;476187
"347";"Luxembourg";2008;483799
"348";"Luxembourg";2009;493500
"349";"Luxembourg";2010;502066
"350";"Luxembourg";2011;511840
"351";"Luxembourg";2012;524853
"352";"Luxembourg";2013;537039
"353";"Luxembourg";2014;549680
"354";"Luxembourg";2015;562958
"355";"Luxembourg";2016;576249
"356";"Luxembourg";2017;590667
"357";"Hungary";1998;10279724
"358";"Hungary";1999;10253416
"359";"Hungary";2000;10221644
"360";"Hungary";2001;10200298
"361";"Hungary";2002;10174853
"362";"Hungary";2003;10142362
"363";"Hungary";2004;10116742
"364";"Hungary";2005;10097549
"365";"Hungary";2006;10076581
"366";"Hungary";2007;10066158
"367";"Hungary";2008;10045401
"368";"Hungary";2009;10030975
"369";"Hungary";2010;10014324
"370";"Hungary";2011;9985722
"371";"Hungary";2012;9931925
"372";"Hungary";2013;9908798
"373";"Hungary";2014;9877365
"374";"Hungary";2015;9855571
"375";"Hungary";2016;9830485
"376";"Hungary";2017;9797561
"377";"Malta";1998;384176
"378";"Malta";1999;386397
"379";"Malta";2000;388759
"380";"Malta";2001;391415
"381";"Malta";2002;394641
"382";"Malta";2003;397296
"383";"Malta";2004;399867
"384";"Malta";2005;402668
"385";"Malta";2006;404999
"386";"Malta";2007;405616
"387";"Malta";2008;407832
"388";"Malta";2009;410926
"389";"Malta";2010;414027
"390";"Malta";2011;414989
"391";"Malta";2012;417546
"392";"Malta";2013;422509
"393";"Malta";2014;429424
"394";"Malta";2015;439691
"395";"Malta";2016;450415
"396";"Malta";2017;460297
"397";"Netherlands";1998;15654192
"398";"Netherlands";1999;15760225
"399";"Netherlands";2000;15863950
"400";"Netherlands";2001;15987075
"401";"Netherlands";2002;16105285
"402";"Netherlands";2003;16192572
"403";"Netherlands";2004;16258032
"404";"Netherlands";2005;16305526
"405";"Netherlands";2006;16334210
"406";"Netherlands";2007;16357992
"407";"Netherlands";2008;16405399
"408";"Netherlands";2009;16485787
"409";"Netherlands";2010;16574989
"410";"Netherlands";2011;16655799
"411";"Netherlands";2012;16730348
"412";"Netherlands";2013;16779575
"413";"Netherlands";2014;16829289
"414";"Netherlands";2015;16900726
"415";"Netherlands";2016;16979120
"416";"Netherlands";2017;17081507
"417";"Austria";1998;7971116
"418";"Austria";1999;7982461
"419";"Austria";2000;8002186
"420";"Austria";2001;8020946
"421";"Austria";2002;8063640
"422";"Austria";2003;8100273
"423";"Austria";2004;8142573
"424";"Austria";2005;8201359
"425";"Austria";2006;8254298
"426";"Austria";2007;8282984
"427";"Austria";2008;8307989
"428";"Austria";2009;8335003
"429";"Austria";2010;8351643
"430";"Austria";2011;8375164
"431";"Austria";2012;8408121
"432";"Austria";2013;8451860
"433";"Austria";2014;8507786
"434";"Austria";2015;8584926
"435";"Austria";2016;8700471
"436";"Austria";2017;8772865
"437";"Poland";1998;38659979
"438";"Poland";1999;38666983
"439";"Poland";2000;38263303
"440";"Poland";2001;38253955
"441";"Poland";2002;38242197
"442";"Poland";2003;38218531
"443";"Poland";2004;38190608
"444";"Poland";2005;38173835
"445";"Poland";2006;38157055
"446";"Poland";2007;38125479
"447";"Poland";2008;38115641
"448";"Poland";2009;38135876
"449";"Poland";2010;38022869
"450";"Poland";2011;38062718
"451";"Poland";2012;38063792
"452";"Poland";2013;38062535
"453";"Poland";2014;38017856
"454";"Poland";2015;38005614
"455";"Poland";2016;37967209
"456";"Poland";2017;37972964
"457";"Portugal";1998;10133758
"458";"Portugal";1999;10186634
"459";"Portugal";2000;10249022
"460";"Portugal";2001;10330774
"461";"Portugal";2002;10394669
"462";"Portugal";2003;10444592
"463";"Portugal";2004;10473050
"464";"Portugal";2005;10494672
"465";"Portugal";2006;10511988
"466";"Portugal";2007;10532588
"467";"Portugal";2008;10553339
"468";"Portugal";2009;10563014
"469";"Portugal";2010;10573479
"470";"Portugal";2011;10572721
"471";"Portugal";2012;10542398
"472";"Portugal";2013;10487289
"473";"Portugal";2014;10427301
"474";"Portugal";2015;10374822
"475";"Portugal";2016;10341330
"476";"Portugal";2017;10309573
"477";"Romania";1998;22526093
"478";"Romania";1999;22488595
"479";"Romania";2000;22455485
"480";"Romania";2001;22430457
"481";"Romania";2002;21833483
"482";"Romania";2003;21627509
"483";"Romania";2004;21521142
"484";"Romania";2005;21382354
"485";"Romania";2006;21257016
"486";"Romania";2007;21130503
"487";"Romania";2008;20635460
"488";"Romania";2009;20440290
"489";"Romania";2010;20294683
"490";"Romania";2011;20199059
"491";"Romania";2012;20095996
"492";"Romania";2013;20020074
"493";"Romania";2014;19947311
"494";"Romania";2015;19870647
"495";"Romania";2016;19760585
"496";"Romania";2017;19644350
"497";"Slovenia";1998;1984923
"498";"Slovenia";1999;1978334
"499";"Slovenia";2000;1987755
"500";"Slovenia";2001;1990094
"501";"Slovenia";2002;1994026
"502";"Slovenia";2003;1995033
"503";"Slovenia";2004;1996433
"504";"Slovenia";2005;1997590
"505";"Slovenia";2006;2003358
"506";"Slovenia";2007;2010377
"507";"Slovenia";2008;2010269
"508";"Slovenia";2009;2032362
"509";"Slovenia";2010;2046976
"510";"Slovenia";2011;2050189
"511";"Slovenia";2012;2055496
"512";"Slovenia";2013;2058821
"513";"Slovenia";2014;2061085
"514";"Slovenia";2015;2062874
"515";"Slovenia";2016;2064188
"516";"Slovenia";2017;2065895
"517";"Slovakia";1998;5387650
"518";"Slovakia";1999;5393382
"519";"Slovakia";2000;5398657
"520";"Slovakia";2001;5378783
"521";"Slovakia";2002;5378951
"522";"Slovakia";2003;5374873
"523";"Slovakia";2004;5371875
"524";"Slovakia";2005;5372685
"525";"Slovakia";2006;5372928
"526";"Slovakia";2007;5373180
"527";"Slovakia";2008;5376064
"528";"Slovakia";2009;5382401
"529";"Slovakia";2010;5390410
"530";"Slovakia";2011;5392446
"531";"Slovakia";2012;5404322
"532";"Slovakia";2013;5410836
"533";"Slovakia";2014;5415949
"534";"Slovakia";2015;5421349
"535";"Slovakia";2016;5426252
"536";"Slovakia";2017;5435343
"537";"Finland";1998;5147349
"538";"Finland";1999;5159646
"539";"Finland";2000;5171302
"540";"Finland";2001;5181115
"541";"Finland";2002;5194901
"542";"Finland";2003;5206295
"543";"Finland";2004;5219732
"544";"Finland";2005;5236611
"545";"Finland";2006;5255580
"546";"Finland";2007;5276955
"547";"Finland";2008;5300484
"548";"Finland";2009;5326314
"549";"Finland";2010;5351427
"550";"Finland";2011;5375276
"551";"Finland";2012;5401267
"552";"Finland";2013;5426674
"553";"Finland";2014;5451270
"554";"Finland";2015;5471753
"555";"Finland";2016;5487308
"556";"Finland";2017;5503297
"557";"Sweden";1998;8847625
"558";"Sweden";1999;8854322
"559";"Sweden";2000;8861426
"560";"Sweden";2001;8882792
"561";"Sweden";2002;8909128
"562";"Sweden";2003;8940788
"563";"Sweden";2004;8975670
"564";"Sweden";2005;9011392
"565";"Sweden";2006;9047752
"566";"Sweden";2007;9113257
"567";"Sweden";2008;9182927
"568";"Sweden";2009;9256347
"569";"Sweden";2010;9340682
"570";"Sweden";2011;9415570
"571";"Sweden";2012;9482855
"572";"Sweden";2013;9555893
"573";"Sweden";2014;9644864
"574";"Sweden";2015;9747355
"575";"Sweden";2016;9851017
"576";"Sweden";2017;9995153
"577";"United Kingdom";1998;58394596
"578";"United Kingdom";1999;58579685
"579";"United Kingdom";2000;58785246
"580";"United Kingdom";2001;58999781
"581";"United Kingdom";2002;59239564
"582";"United Kingdom";2003;59501394
"583";"United Kingdom";2004;59793759
"584";"United Kingdom";2005;60182050
"585";"United Kingdom";2006;60620361
"586";"United Kingdom";2007;61073279
"587";"United Kingdom";2008;61571647
"588";"United Kingdom";2009;62042343
"589";"United Kingdom";2010;62510197
"590";"United Kingdom";2011;63022532
"591";"United Kingdom";2012;63495088
"592";"United Kingdom";2013;63905342
"593";"United Kingdom";2014;64351203
"594";"United Kingdom";2015;64853393
"595";"United Kingdom";2016;65379044
"596";"United Kingdom";2017;65844142
"597";"European Economic Area (EU28 plus IS, LI, NO)";1998;490598858
"598";"European Economic Area (EU28 plus IS, LI, NO)";1999;491331010
"599";"European Economic Area (EU28 plus IS, LI, NO)";2000;492049052
"600";"European Economic Area (EU28 plus IS, LI, NO)";2001;493060187
"601";"European Economic Area (EU28 plus IS, LI, NO)";2002;493806872
"602";"European Economic Area (EU28 plus IS, LI, NO)";2003;495566164
"603";"European Economic Area (EU28 plus IS, LI, NO)";2004;497458119
"604";"European Economic Area (EU28 plus IS, LI, NO)";2005;499532862
"605";"European Economic Area (EU28 plus IS, LI, NO)";2006;501411612
"606";"European Economic Area (EU28 plus IS, LI, NO)";2007;503324749
"607";"European Economic Area (EU28 plus IS, LI, NO)";2008;505385019
"608";"European Economic Area (EU28 plus IS, LI, NO)";2009;507244444
"609";"European Economic Area (EU28 plus IS, LI, NO)";2010;508382341
"610";"European Economic Area (EU28 plus IS, LI, NO)";2011;508239743
"611";"European Economic Area (EU28 plus IS, LI, NO)";2012;509389884
"612";"European Economic Area (EU28 plus IS, LI, NO)";2013;510572978
"613";"European Economic Area (EU28 plus IS, LI, NO)";2014;512705861
"614";"European Economic Area (EU28 plus IS, LI, NO)";2015;514053164
"615";"European Economic Area (EU28 plus IS, LI, NO)";2016;515762746
"616";"European Economic Area (EU28 plus IS, LI, NO)";2017;517007754
"617";"European Economic Area (EU27 plus IS, LI, NO)";1998;486062046
"618";"European Economic Area (EU27 plus IS, LI, NO)";1999;486803550
"619";"European Economic Area (EU27 plus IS, LI, NO)";2000;487551317
"620";"European Economic Area (EU27 plus IS, LI, NO)";2001;488764781
"621";"European Economic Area (EU27 plus IS, LI, NO)";2002;489501378
"622";"European Economic Area (EU27 plus IS, LI, NO)";2003;491260780
"623";"European Economic Area (EU27 plus IS, LI, NO)";2004;493152394
"624";"European Economic Area (EU27 plus IS, LI, NO)";2005;495222001
"625";"European Economic Area (EU27 plus IS, LI, NO)";2006;497099125
"626";"European Economic Area (EU27 plus IS, LI, NO)";2007;499011219
"627";"European Economic Area (EU27 plus IS, LI, NO)";2008;501073052
"628";"European Economic Area (EU27 plus IS, LI, NO)";2009;502934648
"629";"European Economic Area (EU27 plus IS, LI, NO)";2010;504079494
"630";"European Economic Area (EU27 plus IS, LI, NO)";2011;503949886
"631";"European Economic Area (EU27 plus IS, LI, NO)";2012;505113900
"632";"European Economic Area (EU27 plus IS, LI, NO)";2013;506310838
"633";"European Economic Area (EU27 plus IS, LI, NO)";2014;508459052
"634";"European Economic Area (EU27 plus IS, LI, NO)";2015;509827848
"635";"European Economic Area (EU27 plus IS, LI, NO)";2016;511572077
"636";"European Economic Area (EU27 plus IS, LI, NO)";2017;512853541
"637";"European Free Trade Association";1998;11817765
"638";"European Free Trade Association";1999;11876593
"639";"European Free Trade Association";2000;11954416
"640";"European Free Trade Association";2001;12023715
"641";"European Free Trade Association";2002;12099819
"642";"European Free Trade Association";2003;12188439
"643";"European Free Trade Association";2004;12266469
"644";"European Free Trade Association";2005;12349642
"645";"European Free Trade Association";2006;12434143
"646";"European Free Trade Association";2007;12532713
"647";"European Free Trade Association";2008;12681480
"648";"European Free Trade Association";2009;12856065
"649";"European Free Trade Association";2010;12997529
"650";"European Free Trade Association";2011;13145040
"651";"European Free Trade Association";2012;13296582
"652";"European Free Trade Association";2013;13449030
"653";"European Free Trade Association";2014;13610401
"654";"European Free Trade Association";2015;13770625
"655";"European Free Trade Association";2016;13907998
"656";"European Free Trade Association";2017;14054026
"657";"Iceland";1998;272381
"658";"Iceland";1999;275712
"659";"Iceland";2000;279049
"660";"Iceland";2001;283361
"661";"Iceland";2002;286575
"662";"Iceland";2003;288471
"663";"Iceland";2004;290570
"664";"Iceland";2005;293577
"665";"Iceland";2006;299891
"666";"Iceland";2007;307672
"667";"Iceland";2008;315459
"668";"Iceland";2009;319368
"669";"Iceland";2010;317630
"670";"Iceland";2011;318452
"671";"Iceland";2012;319575
"672";"Iceland";2013;321857
"673";"Iceland";2014;325671
"674";"Iceland";2015;329100
"675";"Iceland";2016;332529
"676";"Iceland";2017;338349
"677";"Liechtenstein";1998;31320
"678";"Liechtenstein";1999;32015
"679";"Liechtenstein";2000;32426
"680";"Liechtenstein";2001;32863
"681";"Liechtenstein";2002;33525
"682";"Liechtenstein";2003;33863
"683";"Liechtenstein";2004;34294
"684";"Liechtenstein";2005;34600
"685";"Liechtenstein";2006;34905
"686";"Liechtenstein";2007;35168
"687";"Liechtenstein";2008;35356
"688";"Liechtenstein";2009;35589
"689";"Liechtenstein";2010;35894
"690";"Liechtenstein";2011;36149
"691";"Liechtenstein";2012;36475
"692";"Liechtenstein";2013;36838
"693";"Liechtenstein";2014;37129
"694";"Liechtenstein";2015;37366
"695";"Liechtenstein";2016;37622
"696";"Liechtenstein";2017;37810
"697";"Norway";1998;4417599
"698";"Norway";1999;4445329
"699";"Norway";2000;4478497
"700";"Norway";2001;4503436
"701";"Norway";2002;4524066
"702";"Norway";2003;4552252
"703";"Norway";2004;4577457
"704";"Norway";2005;4606363
"705";"Norway";2006;4640219
"706";"Norway";2007;4681134
"707";"Norway";2008;4737171
"708";"Norway";2009;4799252
"709";"Norway";2010;4858199
"710";"Norway";2011;4920305
"711";"Norway";2012;4985870
"712";"Norway";2013;5051275
"713";"Norway";2014;5107970
"714";"Norway";2015;5166493
"715";"Norway";2016;5210721
"716";"Norway";2017;5258317
"717";"Switzerland";1998;7096465
"718";"Switzerland";1999;7123537
"719";"Switzerland";2000;7164444
"720";"Switzerland";2001;7204055
"721";"Switzerland";2002;7255653
"722";"Switzerland";2003;7313853
"723";"Switzerland";2004;7364148
"724";"Switzerland";2005;7415102
"725";"Switzerland";2006;7459128
"726";"Switzerland";2007;7508739
"727";"Switzerland";2008;7593494
"728";"Switzerland";2009;7701856
"729";"Switzerland";2010;7785806
"730";"Switzerland";2011;7870134
"731";"Switzerland";2012;7954662
"732";"Switzerland";2013;8039060
"733";"Switzerland";2014;8139631
"734";"Switzerland";2015;8237666
"735";"Switzerland";2016;8327126
"736";"Switzerland";2017;8419550
"737";"Montenegro";2000;603152
"738";"Montenegro";2001;605988
"739";"Montenegro";2002;608460
"740";"Montenegro";2003;610510
"741";"Montenegro";2004;612214
"742";"Montenegro";2005;613420
"743";"Montenegro";2006;613109
"744";"Montenegro";2007;614624
"745";"Montenegro";2008;615543
"746";"Montenegro";2009;617157
"747";"Montenegro";2010;619001
"748";"Montenegro";2011;619850
"749";"Montenegro";2012;620308
"750";"Montenegro";2013;620893
"751";"Montenegro";2014;621521
"752";"Montenegro";2015;622099
"753";"Montenegro";2016;622218
"754";"Montenegro";2017;622387
"755";"North Macedonia";1998;2002340
"756";"North Macedonia";1999;2012705
"757";"North Macedonia";2000;2021578
"758";"North Macedonia";2001;2031112
"759";"North Macedonia";2002;2038651
"760";"North Macedonia";2003;2023654
"761";"North Macedonia";2004;2029892
"762";"North Macedonia";2005;2035196
"763";"North Macedonia";2006;2038514
"764";"North Macedonia";2007;2041941
"765";"North Macedonia";2008;2045177
"766";"North Macedonia";2009;2048619
"767";"North Macedonia";2010;2052722
"768";"North Macedonia";2011;2057284
"769";"North Macedonia";2012;2059794
"770";"North Macedonia";2013;2062294
"771";"North Macedonia";2014;2065769
"772";"North Macedonia";2015;2069172
"773";"North Macedonia";2016;2071278
"774";"North Macedonia";2017;2073702
"775";"Albania";1998;3354341
"776";"Albania";1999;3373445
"777";"Albania";2000;3058497
"778";"Albania";2001;3063318
"779";"Albania";2002;3057018
"780";"Albania";2003;3044993
"781";"Albania";2004;3034231
"782";"Albania";2005;3019634
"783";"Albania";2006;3003329
"784";"Albania";2007;2981755
"785";"Albania";2008;2958266
"786";"Albania";2009;2936355
"787";"Albania";2010;2918674
"788";"Albania";2011;2907361
"789";"Albania";2012;2903008
"790";"Albania";2013;2897770
"791";"Albania";2014;2892394
"792";"Albania";2015;2885796
"793";"Albania";2016;2875592
"794";"Albania";2017;2876591
"795";"Serbia";1999;7552850
"796";"Serbia";2000;7527952
"797";"Serbia";2001;7504739
"798";"Serbia";2002;7502126
"799";"Serbia";2003;7490918
"800";"Serbia";2004;7470263
"801";"Serbia";2005;7456050
"802";"Serbia";2006;7425487
"803";"Serbia";2007;7397651
"804";"Serbia";2008;7365507
"805";"Serbia";2009;7334937
"806";"Serbia";2010;7306677
"807";"Serbia";2011;7251549
"808";"Serbia";2012;7216649
"809";"Serbia";2013;7181505
"810";"Serbia";2014;7146759
"811";"Serbia";2015;7114393
"812";"Serbia";2016;7076372
"813";"Serbia";2017;7040272
"814";"Turkey";1998;64641675
"815";"Turkey";1999;65786563
"816";"Turkey";2000;66889425
"817";"Turkey";2001;64729501
"818";"Turkey";2002;65603160
"819";"Turkey";2003;66401851
"820";"Turkey";2004;67187251
"821";"Turkey";2005;68010221
"822";"Turkey";2006;68860539
"823";"Turkey";2007;69729967
"824";"Turkey";2008;70586256
"825";"Turkey";2009;71517100
"826";"Turkey";2010;72561312
"827";"Turkey";2011;73722988
"828";"Turkey";2012;74724269
"829";"Turkey";2013;75627384
"830";"Turkey";2014;76667864
"831";"Turkey";2015;77695904
"832";"Turkey";2016;78741053
"833";"Turkey";2017;79814871
"834";"Andorra";1998;65306
"835";"Andorra";1999;65877
"836";"Andorra";2000;65971
"837";"Andorra";2001;65844
"838";"Andorra";2002;66334
"839";"Andorra";2003;67159
"840";"Andorra";2004;72320
"841";"Andorra";2005;76875
"842";"Andorra";2006;78549
"843";"Andorra";2007;81222
"844";"Andorra";2008;83137
"845";"Andorra";2009;84484
"846";"Andorra";2010;84082
"847";"Andorra";2011;78115
"848";"Andorra";2012;78115
"849";"Andorra";2013;76246
"850";"Belarus";2000;10019480
"851";"Belarus";2001;9990435
"852";"Belarus";2002;9950941
"853";"Belarus";2003;9898590
"854";"Belarus";2004;9849062
"855";"Belarus";2005;9800073
"856";"Belarus";2006;9750540
"857";"Belarus";2007;9714461
"858";"Belarus";2008;9689770
"859";"Belarus";2009;9671912
"860";"Belarus";2010;9480178
"861";"Belarus";2011;9481193
"862";"Belarus";2012;9465150
"863";"Belarus";2013;9463840
"864";"Belarus";2014;9468154
"865";"Belarus";2015;9480868
"866";"Belarus";2016;9498364
"867";"Belarus";2017;9504704
"868";"Bosnia and Herzegovina";1998;3549736
"869";"Bosnia and Herzegovina";2000;3753085
"870";"Bosnia and Herzegovina";2001;3789717
"871";"Bosnia and Herzegovina";2002;3813167
"872";"Bosnia and Herzegovina";2003;3830349
"873";"Bosnia and Herzegovina";2004;3837414
"874";"Bosnia and Herzegovina";2005;3842532
"875";"Bosnia and Herzegovina";2006;3842650
"876";"Bosnia and Herzegovina";2007;3844017
"877";"Bosnia and Herzegovina";2008;3843846
"878";"Bosnia and Herzegovina";2009;3843998
"879";"Bosnia and Herzegovina";2010;3844046
"880";"Bosnia and Herzegovina";2011;3843183
"881";"Bosnia and Herzegovina";2012;3839265
"882";"Kosovo (under United Nations Security Council Resolution 1244/99)";2003;1985000
"883";"Kosovo (under United Nations Security Council Resolution 1244/99)";2004;2016000
"884";"Kosovo (under United Nations Security Council Resolution 1244/99)";2005;2041000
"885";"Kosovo (under United Nations Security Council Resolution 1244/99)";2006;2100000
"886";"Kosovo (under United Nations Security Council Resolution 1244/99)";2007;2126708
"887";"Kosovo (under United Nations Security Council Resolution 1244/99)";2008;2153139
"888";"Kosovo (under United Nations Security Council Resolution 1244/99)";2009;2180686
"889";"Kosovo (under United Nations Security Council Resolution 1244/99)";2010;2208107
"890";"Kosovo (under United Nations Security Council Resolution 1244/99)";2011;1794180
"891";"Kosovo (under United Nations Security Council Resolution 1244/99)";2016;1771604
"892";"Kosovo (under United Nations Security Council Resolution 1244/99)";2017;1783531
"893";"Moldova";2000;3644070
"894";"Moldova";2001;3635112
"895";"Moldova";2002;3627812
"896";"Moldova";2003;3618312
"897";"Moldova";2004;3607435
"898";"Moldova";2005;3600436
"899";"Moldova";2006;3589936
"900";"Moldova";2007;3581110
"901";"Moldova";2008;3572703
"902";"Moldova";2009;3567512
"903";"Moldova";2010;3563695
"904";"Moldova";2011;3560430
"905";"Moldova";2012;3559541
"906";"Moldova";2013;3559497
"907";"Moldova";2014;3557634
"908";"Moldova";2015;3555159
"909";"Moldova";2017;3550852
"910";"Monaco";2004;32828
"911";"Monaco";2005;33085
"912";"Russia";2000;146890128
"913";"Russia";2001;146303611
"914";"Russia";2002;145649334
"915";"Russia";2003;145166731
"916";"Russia";2004;144168205
"917";"Russia";2005;143474219
"918";"Russia";2006;142753551
"919";"Russia";2007;142220968
"920";"Russia";2008;142008838
"921";"Russia";2009;141903979
"922";"Russia";2010;141914509
"923";"Russia";2011;142856536
"924";"Russia";2012;143056383
"925";"Russia";2014;143666931
"926";"San Marino";2004;29241
"927";"San Marino";2005;29673
"928";"San Marino";2006;29999
"929";"San Marino";2007;30368
"930";"San Marino";2008;32054
"931";"San Marino";2009;31269
"932";"San Marino";2011;31863
"933";"San Marino";2012;33376
"934";"San Marino";2013;33562
"935";"Ukraine";2000;49114950
"936";"Ukraine";2001;48663609
"937";"Ukraine";2002;48240902
"938";"Ukraine";2003;47823108
"939";"Ukraine";2004;47442079
"940";"Ukraine";2005;47100462
"941";"Ukraine";2006;46749170
"942";"Ukraine";2007;46465691
"943";"Ukraine";2008;46192309
"944";"Ukraine";2009;45963359
"945";"Ukraine";2010;45782592
"946";"Ukraine";2011;45598179
"947";"Ukraine";2012;45453282
"948";"Ukraine";2013;45372692
"949";"Ukraine";2014;45245894
"950";"Ukraine";2015;42759661
"951";"Ukraine";2016;42590879
"952";"Ukraine";2017;42414905
"953";"Armenia";2000;3226900
"954";"Armenia";2001;3215300
"955";"Armenia";2002;3212900
"956";"Armenia";2003;3210300
"957";"Armenia";2004;3212200
"958";"Armenia";2005;3215800
"959";"Armenia";2006;3219234
"960";"Armenia";2007;3222953
"961";"Armenia";2008;3230086
"962";"Armenia";2009;3237976
"963";"Armenia";2010;3249482
"964";"Armenia";2011;3262650
"965";"Armenia";2012;3274285
"966";"Armenia";2015;3010598
"967";"Armenia";2016;2998577
"968";"Armenia";2017;2986151
"969";"Azerbaijan";2000;8016200
"970";"Azerbaijan";2001;8081000
"971";"Azerbaijan";2002;8141400
"972";"Azerbaijan";2003;8202500
"973";"Azerbaijan";2004;8265700
"974";"Azerbaijan";2005;8347300
"975";"Azerbaijan";2006;8436400
"976";"Azerbaijan";2007;8532700
"977";"Azerbaijan";2008;8629900
"978";"Azerbaijan";2009;8896900
"979";"Azerbaijan";2010;8997586
"980";"Azerbaijan";2011;9111078
"981";"Azerbaijan";2012;9235085
"982";"Azerbaijan";2013;9356483
"983";"Azerbaijan";2014;9477119
"984";"Azerbaijan";2015;9593038
"985";"Azerbaijan";2016;9705643
"986";"Azerbaijan";2017;9809981
"987";"Georgia";2000;4435200
"988";"Georgia";2001;4401400
"989";"Georgia";2002;4371500
"990";"Georgia";2003;4352600
"991";"Georgia";2004;4315200
"992";"Georgia";2005;4321500
"993";"Georgia";2006;4401292
"994";"Georgia";2007;4394702
"995";"Georgia";2008;4382070
"996";"Georgia";2009;4385429
"997";"Georgia";2010;4436391
"998";"Georgia";2011;4469250
"999";"Georgia";2012;4497617
"1000";"Georgia";2014;4490498
"1001";"Georgia";2015;3729500
"1002";"Georgia";2016;3720400
"1003";"Georgia";2017;3718200
